{
  "packages": [
    {
      "name": "esp8266",
      "maintainer": "ESP8266 Community",
      "websiteURL": "https://github.com/esp8266/Arduino",
      "email": "ivan@esp8266.com",
      "help": {
        "online": "http://esp8266.com/arduino"
      },
      "platforms": [
        {
          "name": "esp8266",
          "architecture": "esp8266",
          "version": "",
          "category": "ESP8266",
          "url": "",
          "archiveFileName": "",
          "checksum": "",
          "size": "",
          "help": {
            "online": ""
          },
          "boards": [
            {
              "name": "Generic ESP8266 Module"
            },
            {
              "name": "Olimex MOD-WIFI-ESP8266(-DEV)"
            },
            {
              "name": "NodeMCU 0.9 (ESP-12 Module)"
            },
            {
              "name": "NodeMCU 1.0 (ESP-12E Module)"
            },
            {
              "name": "Adafruit HUZZAH ESP8266 (ESP-12)"
            },
            {
              "name": "ESPresso Lite 1.0"
            },
            {
              "name": "ESPresso Lite 2.0"
            },
            {
              "name": "Phoenix 1.0"
            },
            {
              "name": "Phoenix 2.0"
            },                        
            {
              "name": "SparkFun Thing"
            },
            {
              "name": "SweetPea ESP-210"
            },
            {
              "name": "WeMos D1"
            },
            {
              "name": "WeMos D1 mini"
            },
            {
              "name": "ESPino (ESP-12 Module)"
            },
            {
              "name": "ESPino (WROOM-02 Module)"
            },
            {
              "name": "WifInfo"
            },
			{
              "name": "ESPDuino"
            }
          ],
          "toolsDependencies": [
            {
              "packager": "esp8266",
              "name": "esptool",
              "version": "0.4.8"
            },
            {
              "packager": "esp8266",
              "name": "xtensa-lx106-elf-gcc",
              "version": "1.20.0-26-gb404fb9-2"
            },
            {
              "packager": "esp8266",
              "name": "mkspiffs",
              "version": "0.1.2"
            }
          ]
        }
      ],
      "tools": [
        {
          "name": "esptool",
          "version": "0.4.8",
          "systems": [
            {
              "host": "i686-mingw32",
              "url": "https://github.com/igrr/esptool-ck/releases/download/0.4.8/esptool-0.4.8-win32.zip",
              "archiveFileName": "esptool-0.4.8-win32.zip",
              "checksum": "SHA-256:8d09cb0df6234c2a0562389ceedd11482b44a3f538695f9a4df80f9f10411ece",
              "size": "32192"
            },
            {
              "host": "x86_64-apple-darwin",
              "url": "https://github.com/igrr/esptool-ck/releases/download/0.4.8/esptool-0.4.8-osx.tar.gz",
              "archiveFileName": "esptool-0.4.8-osx.tar.gz",
              "checksum": "SHA-256:2bcbf19934543fb06c505b2a595b68a76e4cab8e3d8968a4d1802195c87126cf",
              "size": "28798"
            },
            {
              "host": "i386-apple-darwin",
              "url": "https://github.com/igrr/esptool-ck/releases/download/0.4.8/esptool-0.4.8-osx.tar.gz",
              "archiveFileName": "esptool-0.4.8-osx.tar.gz",
              "checksum": "SHA-256:2bcbf19934543fb06c505b2a595b68a76e4cab8e3d8968a4d1802195c87126cf",
              "size": "28798"
            },
            {
              "host": "x86_64-pc-linux-gnu",
              "url": "https://github.com/igrr/esptool-ck/releases/download/0.4.8/esptool-0.4.8-linux64.tar.gz",
              "archiveFileName": "esptool-0.4.8-linux64.tar.gz",
              "checksum": "SHA-256:1cd9a6014bbbc37ba6dc249f4fc027f0ca9bbc6dd0e203ebc7d146dfd78a6e78",
              "size": "15479"
            },
            {
              "host": "i686-pc-linux-gnu",
              "url": "https://github.com/igrr/esptool-ck/releases/download/0.4.8/esptool-0.4.8-linux32.tar.gz",
              "archiveFileName": "esptool-0.4.8-linux32.tar.gz",
              "checksum": "SHA-256:b0d6e71e6f41d4ed7e167bb4b3f4f0b1b3e49d69af50ab7fbe952cbfed83f164",
              "size": "15444"
            },
            {
              "host": "arm-linux-gnueabihf",
              "url": "https://github.com/igrr/esptool-ck/releases/download/0.4.8/esptool-0.4.8-linux-armhf.tar.gz",
              "archiveFileName": "esptool-0.4.8-linux-armhf.tar.gz",
              "checksum": "SHA-256:e9c4dfb81781610556a6af0377c8efc7cde359e0e2cda2fd48e0a32bae10f506",
              "size": "13630"
            }
          ]
        },
        {
          "name": "xtensa-lx106-elf-gcc",
          "version": "1.20.0-26-gb404fb9-2",
          "systems": [
            {
              "host": "i686-mingw32",
              "url": "http://arduino.esp8266.com/win32-xtensa-lx106-elf-gb404fb9-2.tar.gz",
              "archiveFileName": "win32-xtensa-lx106-elf-gb404fb9-2.tar.gz",
              "checksum": "SHA-256:10476b9c11a7a90f40883413ddfb409f505b20692e316c4e597c4c175b4be09c",
              "size": "153527527"
            },
            {
              "host": "x86_64-apple-darwin",
              "url": "http://arduino.esp8266.com/osx-xtensa-lx106-elf-gb404fb9-2.tar.gz",
              "archiveFileName": "osx-xtensa-lx106-elf-gb404fb9-2.tar.gz",
              "checksum": "SHA-256:0cf150193997bd1355e0f49d3d49711730035257bc1aee1eaaad619e56b9e4e6",
              "size": "35385382"
            },
            {
              "host": "i386-apple-darwin",
              "url": "http://arduino.esp8266.com/osx-xtensa-lx106-elf-gb404fb9-2.tar.gz",
              "archiveFileName": "osx-xtensa-lx106-elf-gb404fb9-2.tar.gz",
              "checksum": "SHA-256:0cf150193997bd1355e0f49d3d49711730035257bc1aee1eaaad619e56b9e4e6",
              "size": "35385382"
            },
            {
              "host": "x86_64-pc-linux-gnu",
              "url": "http://arduino.esp8266.com/linux64-xtensa-lx106-elf-gb404fb9.tar.gz",
              "archiveFileName": "linux64-xtensa-lx106-elf-gb404fb9.tar.gz",
              "checksum": "SHA-256:46f057fbd8b320889a26167daf325038912096d09940b2a95489db92431473b7",
              "size": "30262903"
            },
            {
              "host": "i686-pc-linux-gnu",
              "url": "http://arduino.esp8266.com/linux32-xtensa-lx106-elf.tar.gz",
              "archiveFileName": "linux32-xtensa-lx106-elf.tar.gz",
              "checksum": "SHA-256:f693946288f2ffa17288ef75ae16fa08573993f2b0a2a5e6bc35a68dc6087443",
              "size": "32734156"
            },
            {
              "host": "arm-linux-gnueabihf",
              "url": "http://arduino.esp8266.com/linuxarm-xtensa-lx106-elf-g46f160f-2.tar.gz",
              "archiveFileName": "linuxarm-xtensa-lx106-elf-g46f160f-2.tar.gz",
              "checksum": "SHA-256:1ac752bac7fff6be95ce10f56689f155fefea09e4ef710dbd75cb573798ff9c0",
              "size": "34938475"
            }
          ]
        },
        {
          "name": "mkspiffs",
          "version": "0.1.2",
          "systems": [
            {
              "host": "i686-mingw32",
              "url": "https://github.com/igrr/mkspiffs/releases/download/0.1.2/mkspiffs-0.1.2-windows.zip",
              "archiveFileName": "mkspiffs-0.1.2-windows.zip",
              "checksum": "SHA-256:0a29119b8458b61a877408f7995e4944623a712e0d313a2c2f76af9ab55cc9f2",
              "size": "230802"
            },
            {
              "host": "x86_64-apple-darwin",
              "url": "https://github.com/igrr/mkspiffs/releases/download/0.1.2/mkspiffs-0.1.2-osx.tar.gz",
              "archiveFileName": "mkspiffs-0.1.2-osx.tar.gz",
              "checksum": "SHA-256:df656fae21a41c1269ea50cb53752dcaf6a4e1437255f3a9fb50b4025549b58e",
              "size": "115091"
            },
            {
              "host": "i386-apple-darwin",
              "url": "https://github.com/igrr/mkspiffs/releases/download/0.1.2/mkspiffs-0.1.2-osx.tar.gz",
              "archiveFileName": "mkspiffs-0.1.2-osx.tar.gz",
              "checksum": "SHA-256:df656fae21a41c1269ea50cb53752dcaf6a4e1437255f3a9fb50b4025549b58e",
              "size": "115091"
            },
            {
              "host": "x86_64-pc-linux-gnu",
              "url": "https://github.com/igrr/mkspiffs/releases/download/0.1.2/mkspiffs-0.1.2-linux64.tar.gz",
              "archiveFileName": "mkspiffs-0.1.2-linux64.tar.gz",
              "checksum": "SHA-256:1a1dd81b51daf74c382db71b42251757ca4136e8762107e69feaa8617bac315f",
              "size": "46281"
            },
            {
              "host": "i686-pc-linux-gnu",
              "url": "https://github.com/igrr/mkspiffs/releases/download/0.1.2/mkspiffs-0.1.2-linux32.tar.gz",
              "archiveFileName": "mkspiffs-0.1.2-linux32.tar.gz",
              "checksum": "SHA-256:e990d545dfcae308aabaac5fa9e1db734cc2b08167969e7eedac88bd0839667c",
              "size": "45272"
            },
            {
              "host": "arm-linux-gnueabihf",
              "url": "https://github.com/igrr/mkspiffs/releases/download/0.1.2/mkspiffs-0.1.2-linux-armhf.tar.gz",
              "archiveFileName": "mkspiffs-0.1.2-linux-armhf.tar.gz",
              "checksum": "SHA-256:5a8836932cd24325d69054cebdd46359eba02919ffaa87b130c54acfecc13f46",
              "size": "41685"
            }
          ]
        }
      ]
    }
  ]
}
